{"training": [0.3974759454842064, 0.26719986338655377, 0.22819749063264247, 0.20310422527873542, 0.19375754650703778, 0.18614911631734787, 0.18101341050232614, 0.17829035310358238, 0.17528773034483897, 0.17227428254441915, 0.16850602051441702, 0.16699153133787906, 0.16575947379917375, 0.16470803898395786, 0.16318280359885917, 0.1617198934702677, 0.1600262963611446, 0.15900409930269754, 0.1574675459224728, 0.15672400157493827, 0.1557927547746623, 0.15477868888970608, 0.15471831774996864, 0.15352849508338132, 0.15310056841727712, 0.15211720079513857, 0.15149463839036545, 0.15123661792977627, 0.15078970191381716, 0.1503987190976403, 0.14954009191472759, 0.1490874337099705, 0.14879320264059792, 0.14828363298883432, 0.14814109663841196, 0.1478411861586848, 0.1477776453915285, 0.14668100366730696, 0.14656521037427173, 0.14653458953554446, 0.14594281738445383, 0.14543166447219497, 0.14518752194275145, 0.1449393360382234, 0.14450348525140108, 0.14449708222728347, 0.14400607288826942, 0.14368965950849308, 0.1434877844641462, 0.14328620571111342, 0.1430909691689959, 0.14306343871788527, 0.1425277014349395, 0.14250434778826682, 0.14200361601627537, 0.14161971390950626, 0.1415112693109842, 0.14134250110247476, 0.14124068974061765, 0.14106891020272266, 0.14074628285387092, 0.14041458156380704, 0.13993328003101999, 0.14009670177650746, 0.1401323836483503, 0.13974352768640466, 0.13956468781944067, 0.13916116313535493, 0.13893764288050012, 0.13914265331993517, 0.13869888866171853, 0.1388287108159219, 0.13810437955995403, 0.1379127337186978, 0.13773266781077742, 0.13772199070032332, 0.137737781026302, 0.13736093556623957, 0.13719337797828104, 0.13700971799276823], "validation": [0.2832857158577558, 0.260334324125774, 0.2155187569858297, 0.20062260372298105, 0.1988637255150799, 0.19499754263359367, 0.19461130353514927, 0.19238001551690942, 0.18620631094200435, 0.18312837660064643, 0.17684209515416838, 0.1727613359483039, 0.17200107847271945, 0.17753264389818485, 0.17470272936536602, 0.1696891491108893, 0.17152851740629432, 0.16777162496491377, 0.16818244956154763, 0.16798269818543396, 0.17099142365994632, 0.16473241359946136, 0.16262569261738066, 0.16817528610421284, 0.15988374306986963, 0.16471800977743944, 0.15972295399347058, 0.16146301267133836, 0.1580232182339392, 0.16126250805702685, 0.15662158922332334, 0.1632452906170103, 0.16537164057838769, 0.15632494449119463, 0.1568199061239642, 0.1570581086382952, 0.15902443823718496, 0.16070241571795427, 0.16244343108757195, 0.16011932321957179, 0.1568070911542718, 0.15585018278573654, 0.15627890822791524, 0.1546206302599834, 0.15314732530411337, 0.15750161365563264, 0.15495757994638568, 0.15283138815639088, 0.15754137161535298, 0.1514543340333457, 0.15234930833566537, 0.15537614758318902, 0.15383576959908918, 0.1532068814591462, 0.15401657122844797, 0.1509222480939926, 0.15472350191640127, 0.15306402353076431, 0.15438064254934017, 0.14970668982946922, 0.15193508739858327, 0.15042156168723403, 0.15153742744671322, 0.15398510754852454, 0.15375069197107122, 0.15608183067813824, 0.15447246251258373, 0.15602980508635675, 0.14886716839840608, 0.15500881969515395, 0.14724806907603546, 0.15137214940067137, 0.15165619652165455, 0.15382330507742714, 0.14955918830244616, 0.14979752661368387, 0.1510543578995415, 0.14767964087147653, 0.1506081894060775, 0.15570780498888886]}